,FPS,Sec/Frame,OPS,GFLOPs,Logic utilization,LUTs,Primary FFs,DSP blocks,Block memory (BRAM18),Block memory (URAM),Total On-Chip Power (W),Dynamic Power (W),Device Static Power(W),FPS/W,FPS/DSP,GFLOPs/W,GFLOPs/DSP
0,497.219,0.002011186217743087,598988544,297.82848485913604,483602.0,122402.0,361200.0,2699.0,3762.0,292.0,13.86,11.08,2.78,35.874386724386724,0.18422341608002965,21.488346670933336,0.11034771576848315
