,FPS,Sec/Frame,OPS,GFLOPs,Logic utilization,LUTs,Primary FFs,DSP blocks,Block memory (BRAM18),Block memory (URAM),Total On-Chip Power (W),Dynamic Power (W),Device Static Power(W),FPS/W,FPS/DSP,GFLOPs/W,GFLOPs/DSP
0,8.92629,0.11202862555440166,3665657856.0,32.720725063434244,243777.0,89188.0,154589.0,286.0,2591.0,231.0,12.28,9.54,2.74,0.7268965798045602,0.031210804195804194,2.6645541582601178,0.11440812959242742
